A	B	C	D	E	F
Fabulous rainbow unicorns	Tasty chocolate chip cookies	Adventurous skydiving sessions	Mysterious glowing crystals	Jubilant kazoo concerts	Whimsical cloudberry festivals
Merry mischievous monkeys	Splendid sparkling fountains	Lively Latin dance parties	Charming candy cane forests	Gleeful golden retriever agility competitions	Cheerful cherry blossom gardens
Curious cosmic creatures	Enchanted emerald forest glade	Wondrous wind-powered waterfalls	Mythical magenta moonbeams	Radiant red rock climbing walls	Incandescent indigo ice sculptures
Rambunctious robotics tournaments	Sophisticated silver screen film sets	Victorious violet victory parades	Majestic mahogany woodland glades	Thrilling tornado twister races	Fierce fireworks displays
Bouncy bubblegum blowouts	Twirly taffy tornadoes	Frothy foamy sea spray	Giggly gelato garden parties	Sparkly sugar sandcastle contests	Flutterby feathered fairy wings
Pint-sized pirate ship invasions	Snazzy sequin stage shows	Crafty kite flying festivals	Magnificent marble machine competitions	Hilarious hula hoop heroics	Spectacular synchronized swimming exhibitions
Witty wordplay wrestling matches	Mirthful marching band performances	Tricky tightrope walking acts	Silly snake slithering derbies	Tantalizing tango dance-offs	Jubilant juggling jamborees
Fanciful fantasy world explorations	Splendiferous snowflake snowball fights	Mysterious mirrored maze challenges	Delightful disco dancing lessons	Whimsical whipped cream wand contests	Charming cherry blossom petal tosses
Bold, brassy bugle blasts	Tremendous treehouse building battles	Mirthful magic show marathons	Gallant glittering gemstone gatherings	Frolicking flamingo flash mobs	Raucous rhino rugby rivalries
Grandiose galaxy globetrotting adventures	Saucy sailboat regattas	Sprightly springtime scavenger hunts	Magnanimous majestic mountain climbs	Tantalizing taco taste-tests	Jubilant jellyfish jam sessions
